Workbook

Sheet README
B1: Step 1 diagnostic — Nigerian grid generation per capita, 2010–2025
B3: PURPOSE
B4: Tests whether observed growth in Nigerian grid generation carries information about growth in electricity DEMAND, or only about population growth and the persistence of supply constraints. Feeds correction plan Phase 1.6 Step 1.
B6: HEADLINE RESULT
B7: Between 76% and >100% of observed generation growth is demographic. Grid generation per capita rose from ~157 to ~175 kWh/person over fifteen years — about 0.73%/yr, equivalent to 2.1 W of additional continuous supply per person. Under some windows it is negative.
B9: METHODOLOGICAL CONSEQUENCE
B10: The observed series contains essentially no signal about consumption intensity. It cannot be used to source an organic demand-growth rate: doing so assumes the supply constraint persists and then reports low capacity needs because demand was assumed not to grow. Same error class as the superseded 23.08 TWh base (a collected-energy quantity read as demand).
B12: SOURCES
B13: NERC — Nigerian Electricity Regulatory Commission quarterly reports (2017–2026 Q1), gross generation sent out at busbar. AUTHORITATIVE for level and metering point. Series is incomplete: only 2019 has four quarters, and 2023–2025 have annual totals.
B14: Ember — Electricity Data Explorer, Nigeria annual total generation (TWh), 2010–2025. Used for SHAPE only, not level. Definitional boundary differs from NERC (see FLAGS).
B15: World Bank WDI — SP.POP.TOTL, Nigeria total population. Source: UN World Population Prospects plus national statistical office data.
B17: FLAGS — read before using any number here
... B26: Blue text = hardcoded input, transcribed from source. Black text = formula. Yellow fill = value carried into scenarios.py.

Sheet Raw_NERC
A1: NERC gross generation sent out at busbar — as transcribed
A3: Year | B3: Q1 (MWh) | C3: Q2 (MWh) | D3: Q3 (MWh) | E3: Q4 (MWh) | F3: Annual (GWh) | G3: Total (TWh) | H3: Note / integrity flag
A4: 2017 | D4: 7399765.1 | E4: 8705606 | H4: Q1,Q2 missing — annual total not computable
A5: 2018 | B5: 8511481 | E5: 8878473
A6: 2019 | B6: 8878473 | C6: 8451428 | D6: 7984685 | E6: 8101193 | G6: =SUM(B6:E6)/1000000 -> 33.415779
A7: 2020 | H7: not gathered
A8: 2021 | H8: not gathered
A9: 2022 | G9: =3988*8760/1000000 -> 34.93488 | H9: [F2] source gives 3,988 MWh/h — see G8 formula
A10: 2023 | F10: 36710.38 | G10: =F10/1000 -> 36.71038 | H10: annual total, NERC
A11: 2024 | F11: 37093.7 | G11: =F11/1000 -> 37.0937 | H11: annual total, NERC — model Tier 1 anchor
A12: 2025 | F12: 39193.93 | G12: =F12/1000 -> 39.19393 | H12: annual total, NERC
A13: 2026 | H13: [F5] Q1 only (8,883.47 GWh) — partial year, excluded
A15: Source: NERC quarterly reports. Units as printed in source — MWh, GWh and MWh/h all appear; see [F2].

Sheet Raw_Ember_WDI
A1: Ember generation and World Bank population — long series
A3: Year | B3: Ember gen (TWh) | C3: WDI population | D3: Access rate (fraction) | E3: Source
A4: 2010 | B4: 26.13 | C4: 166642886 | D4: 0.48 | E4: Ember / WDI SP.POP.TOTL / WDI EG.ELC.ACCS.ZS
A5: 2011 | B5: 27.04 | C5: 171379598 | D5: 0.559 | E5: Ember / WDI SP.POP.TOTL / WDI EG.ELC.ACCS.ZS
A6: 2012 | B6: 28.74 | C6: 176200625 | D6: 0.53 | E6: Ember / WDI SP.POP.TOTL / WDI EG.ELC.ACCS.ZS
A7: 2013 | B7: 28.93 | C7: 181049443 | D7: 0.556 | E7: Ember / WDI SP.POP.TOTL / WDI EG.ELC.ACCS.ZS
A8: 2014 | B8: 32.28 | C8: 185896915 | D8: 0.542 | E8: Ember / WDI SP.POP.TOTL / WDI EG.ELC.ACCS.ZS
A9: 2015 | B9: 33.17 | C9: 190671878 | D9: 0.525 | E9: Ember / WDI SP.POP.TOTL / WDI EG.ELC.ACCS.ZS
A10: 2016 | B10: 36.54 | C10: 195443700 | D10: 0.593 | E10: Ember / WDI SP.POP.TOTL / WDI EG.ELC.ACCS.ZS
A11: 2017 | B11: 32.24 | C11: 200254579 | D11: 0.544 | E11: Ember / WDI SP.POP.TOTL / WDI EG.ELC.ACCS.ZS
A12: 2018 | B12: 36.71 | C12: 204938755 | D12: 0.565 | E12: Ember / WDI SP.POP.TOTL / WDI EG.ELC.ACCS.ZS
A13: 2019 | B13: 36.46 | C13: 209485641 | D13: 0.554 | E13: Ember / WDI SP.POP.TOTL / WDI EG.ELC.ACCS.ZS
A14: 2020 | B14: 38 | C14: 213996181 | D14: 0.554 | E14: Ember / WDI SP.POP.TOTL / WDI EG.ELC.ACCS.ZS
A15: 2021 | B15: 39.2 | C15: 218529286 | D15: 0.595 | E15: Ember / WDI SP.POP.TOTL / WDI EG.ELC.ACCS.ZS
... A18: 2024 | B18: 37.56 | C18: 232679478 | D18: 0.625 | E18: Ember / WDI SP.POP.TOTL / WDI EG.ELC.ACCS.ZS
A19: 2025 | B19: 41.54 | C19: 237527782 | E19: Ember / WDI SP.POP.TOTL / WDI EG.ELC.ACCS.ZS

Sheet Per_Capita
A1: Grid generation per capita (kWh/person/year)
A2: [F4] Both denominators shown. WDI access includes off-grid/DRE, so 'connected' overstates GRID-connected population and the per-connected decline is a lower bound.
A4: Year | B4: Ember gen (TWh) | C4: Population | D4: kWh per total capita | E4: NERC gen (TWh) | F4: NERC kWh per total capita | G4: Access rate | H4: Connected population | I4: kWh per CONNECTED capita
A5: 2010 | B5: =Raw_Ember_WDI!B4 -> 26.13 | C5: =Raw_Ember_WDI!C4 -> 166642886 | D5: =B5*1000000000/C5 -> 156.80237 | G5: =Raw_Ember_WDI!D4 -> 0.48 | H5: =C5*G5 -> 79988585 | I5: =B5*1000000000/H5 -> 326.67161
A6: 2011 | B6: =Raw_Ember_WDI!B5 -> 27.04 | C6: =Raw_Ember_WDI!C5 -> 171379598 | D6: =B6*1000000000/C6 -> 157.77841 | G6: =Raw_Ember_WDI!D5 -> 0.559 | H6: =C6*G6 -> 95801195 | I6: =B6*1000000000/H6 -> 282.25118
A7: 2012 | B7: =Raw_Ember_WDI!B6 -> 28.74 | C7: =Raw_Ember_WDI!C6 -> 176200625 | D7: =B7*1000000000/C7 -> 163.10952 | G7: =Raw_Ember_WDI!D6 -> 0.53 | H7: =C7*G7 -> 93386331 | I7: =B7*1000000000/H7 -> 307.75382
A8: 2013 | B8: =Raw_Ember_WDI!B7 -> 28.93 | C8: =Raw_Ember_WDI!C7 -> 181049443 | D8: =B8*1000000000/C8 -> 159.7906 | G8: =Raw_Ember_WDI!D7 -> 0.556 | H8: =C8*G8 -> 1.0066349e+08 | I8: =B8*1000000000/H8 -> 287.39317
A9: 2014 | B9: =Raw_Ember_WDI!B8 -> 32.28 | C9: =Raw_Ember_WDI!C8 -> 185896915 | D9: =B9*1000000000/C9 -> 173.64462 | G9: =Raw_Ember_WDI!D8 -> 0.542 | H9: =C9*G9 -> 1.0075613e+08 | I9: =B9*1000000000/H9 -> 320.37754
A10: 2015 | B10: =Raw_Ember_WDI!B9 -> 33.17 | C10: =Raw_Ember_WDI!C9 -> 190671878 | D10: =B10*1000000000/C10 -> 173.96378 | G10: =Raw_Ember_WDI!D9 -> 0.525 | H10: =C10*G10 -> 1.0010274e+08 | I10: =B10*1000000000/H10 -> 331.35957
A11: 2016 | B11: =Raw_Ember_WDI!B10 -> 36.54 | C11: =Raw_Ember_WDI!C10 -> 195443700 | D11: =B11*1000000000/C11 -> 186.95921 | G11: =Raw_Ember_WDI!D10 -> 0.593 | H11: =C11*G11 -> 1.1589811e+08 | I11: =B11*1000000000/H11 -> 315.27692
A12: 2017 | B12: =Raw_Ember_WDI!B11 -> 32.24 | C12: =Raw_Ember_WDI!C11 -> 200254579 | D12: =B12*1000000000/C12 -> 160.99507 | G12: =Raw_Ember_WDI!D11 -> 0.544 | H12: =C12*G12 -> 1.0893849e+08 | I12: =B12*1000000000/H12 -> 295.94682
A13: 2018 | B13: =Raw_Ember_WDI!B12 -> 36.71 | C13: =Raw_Ember_WDI!C12 -> 204938755 | D13: =B13*1000000000/C13 -> 179.12669 | G13: =Raw_Ember_WDI!D12 -> 0.565 | H13: =C13*G13 -> 1.157904e+08 | I13: =B13*1000000000/H13 -> 317.03838
A14: 2019 | B14: =Raw_Ember_WDI!B13 -> 36.46 | C14: =Raw_Ember_WDI!C13 -> 209485641 | D14: =B14*1000000000/C14 -> 174.04534 | E14: =Raw_NERC!G6 -> 33.415779 | F14: =IFERROR(E14*1000000000/C14,"") -> 159.51346 | G14: =Raw_Ember_WDI!D13 -> 0.554 | H14: =C14*G14 -> 1.1605505e+08 | I14: =B14*1000000000/H14 -> 314.16127
A15: 2020 | B15: =Raw_Ember_WDI!B14 -> 38 | C15: =Raw_Ember_WDI!C14 -> 213996181 | D15: =B15*1000000000/C15 -> 177.57326 | G15: =Raw_Ember_WDI!D14 -> 0.554 | H15: =C15*G15 -> 1.1855388e+08 | I15: =B15*1000000000/H15 -> 320.52935
A16: 2021 | B16: =Raw_Ember_WDI!B15 -> 39.2 | C16: =Raw_Ember_WDI!C15 -> 218529286 | D16: =B16*1000000000/C16 -> 179.38099 | G16: =Raw_Ember_WDI!D15 -> 0.595 | H16: =C16*G16 -> 1.3002493e+08 | I16: =B16*1000000000/H16 -> 301.48066
A17: 2022 | B17: =Raw_Ember_WDI!B16 -> 38 | C17: =Raw_Ember_WDI!C16 -> 223150896 | D17: =B17*1000000000/C17 -> 170.28836 | E17: =Raw_NERC!G9 -> 34.93488 | F17: =IFERROR(E17*1000000000/C17,"") -> 156.55272 | G17: =Raw_Ember_WDI!D16 -> 0.605 | H17: =C17*G17 -> 1.3500629e+08 | I17: =B17*1000000000/H17 -> 281.46836
A18: 2023 | B18: =Raw_Ember_WDI!B17 -> 40.92 | C18: =Raw_Ember_WDI!C17 -> 227882945 | D18: =B18*1000000000/C18 -> 179.56587 | E18: =Raw_NERC!G10 -> 36.71038 | F18: =IFERROR(E18*1000000000/C18,"") -> 161.09314 | G18: =Raw_Ember_WDI!D17 -> 0.612 | H18: =C18*G18 -> 1.3946436e+08 | I18: =B18*1000000000/H18 -> 293.40829
A19: 2024 | B19: =Raw_Ember_WDI!B18 -> 37.56 | C19: =Raw_Ember_WDI!C18 -> 232679478 | D19: =B19*1000000000/C19 -> 161.42378 | E19: =Raw_NERC!G11 -> 37.0937 | F19: =IFERROR(E19*1000000000/C19,"") -> 159.41973 | G19: =Raw_Ember_WDI!D18 -> 0.625 | H19: =C19*G19 -> 1.4542467e+08 | I19: =B19*1000000000/H19 -> 258.27804
A20: 2025 | B20: =Raw_Ember_WDI!B19 -> 41.54 | C20: =Raw_Ember_WDI!C19 -> 237527782 | D20: =B20*1000000000/C20 -> 174.88481 | E20: =Raw_NERC!G12 -> 39.19393 | F20: =IFERROR(E20*1000000000/C20,"") -> 165.00777

Sheet Decomposition
A1: CAGR decomposition: generation growth = population growth x per-capita growth
A2: Ember basis (long series). Multiple windows shown as a robustness check.
A4: From | B4: To | C4: Years | D4: Generation CAGR | E4: Population CAGR | F4: Per-capita CAGR | G4: Demographic share of growth
A5: 2010 | B5: 2025 | C5: =B5-A5 -> 15 | D5: =(Per_Capita!B20/Per_Capita!B5)^(1/C5)-1 -> 0.031387362 | E5: =(Per_Capita!C20/Per_Capita!C5)^(1/C5)-1 -> 0.023910136 | F5: =(Per_Capita!D20/Per_Capita!D5)^(1/C5)-1 -> 0.0073026191 | G5: =IFERROR(LN(1+E5)/LN(1+D5),"") -> 0.76456497
A6: 2013 | B6: 2025 | C6: =B6-A6 -> 12 | D6: =(Per_Capita!B20/Per_Capita!B8)^(1/C6)-1 -> 0.030607198 | E6: =(Per_Capita!C20/Per_Capita!C8)^(1/C6)-1 -> 0.022884117 | F6: =(Per_Capita!D20/Per_Capita!D8)^(1/C6)-1 -> 0.0075502997 | G6: =IFERROR(LN(1+E6)/LN(1+D6),"") -> 0.75050075
A7: 2015 | B7: 2025 | C7: =B7-A7 -> 10 | D7: =(Per_Capita!B20/Per_Capita!B10)^(1/C7)-1 -> 0.022756156 | E7: =(Per_Capita!C20/Per_Capita!C10)^(1/C7)-1 -> 0.022216241 | F7: =(Per_Capita!D20/Per_Capita!D10)^(1/C7)-1 -> 0.00052818009 | G7: =IFERROR(LN(1+E7)/LN(1+D7),"") -> 0.97653267
A8: 2017 | B8: 2025 | C8: =B8-A8 -> 8 | D8: =(Per_Capita!B20/Per_Capita!B12)^(1/C8)-1 -> 0.032188301 | E8: =(Per_Capita!C20/Per_Capita!C12)^(1/C8)-1 -> 0.021566152 | F8: =(Per_Capita!D20/Per_Capita!D12)^(1/C8)-1 -> 0.010397906 | G8: =IFERROR(LN(1+E8)/LN(1+D8),"") -> 0.67348937
A9: 2014 | B9: 2024 | C9: =B9-A9 -> 10 | D9: =(Per_Capita!B19/Per_Capita!B9)^(1/C9)-1 -> 0.015264512 | E9: =(Per_Capita!C19/Per_Capita!C9)^(1/C9)-1 -> 0.022700786 | F9: =(Per_Capita!D19/Per_Capita!D9)^(1/C9)-1 -> -0.0072712124 | G9: =IFERROR(LN(1+E9)/LN(1+D9),"") -> 1.4817275
A11: NERC basis (short series — 2 to 3 years only, reported for comparison)
A12: From | B12: To | C12: Years | D12: Generation CAGR | E12: Population CAGR | F12: Per-capita CAGR
A13: 2022 | B13: 2025 | C13: =B13-A13 -> 3 | D13: =(Per_Capita!E20/Per_Capita!E17)^(1/C13)-1 -> 0.039090049 | E13: =(Per_Capita!C20/Per_Capita!C17)^(1/C13)-1 -> 0.021030212 | F13: =(Per_Capita!F20/Per_Capita!F17)^(1/C13)-1 -> 0.017687858
A14: 2023 | B14: 2025 | C14: =B14-A14 -> 2 | D14: =(Per_Capita!E20/Per_Capita!E18)^(1/C14)-1 -> 0.033272727 | E14: =(Per_Capita!C20/Per_Capita!C18)^(1/C14)-1 -> 0.020942528 | F14: =(Per_Capita!F20/Per_Capita!F18)^(1/C14)-1 -> 0.01207727
A16: CONNECTED-POPULATION basis (Ember gen / (population x access rate))
A17: From | B17: To | C17: Years | D17: Generation CAGR | E17: Connected pop CAGR | F17: kWh/connected CAGR | G17: Access rate CAGR
A18: 2010 | B18: 2024 | C18: =B18-A18 -> 14 | D18: =(Per_Capita!B19/Per_Capita!B5)^(1/C18)-1 -> 0.026257054 | E18: =(Per_Capita!H19/Per_Capita!H5)^(1/C18)-1 -> 0.043622845 | F18: =(Per_Capita!I19/Per_Capita!I5)^(1/C18)-1 -> -0.016639911 | G18: =(Per_Capita!G19/Per_Capita!G5)^(1/C18)-1 -> 0.019033554
A19: 2013 | B19: 2024 | C19: =B19-A19 -> 11 | D19: =(Per_Capita!B19/Per_Capita!B8)^(1/C19)-1 -> 0.024016639 | E19: =(Per_Capita!H19/Per_Capita!H8)^(1/C19)-1 -> 0.034008698 | F19: =(Per_Capita!I19/Per_Capita!I8)^(1/C19)-1 -> -0.0096634185 | G19: =(Per_Capita!G19/Per_Capita!G8)^(1/C19)-1 -> 0.010691602
A20: 2015 | B20: 2024 | C20: =B20-A20 -> 9 | D20: =(Per_Capita!B19/Per_Capita!B10)^(1/C20)-1 -> 0.013906227 | E20: =(Per_Capita!H19/Per_Capita!H10)^(1/C20)-1 -> 0.042368671 | F20: =(Per_Capita!I19/Per_Capita!I10)^(1/C20)-1 -> -0.027305545 | G20: =(Per_Capita!G19/Per_Capita!G10)^(1/C20)-1 -> 0.019561465
A21: 2017 | B21: 2024 | C21: =B21-A21 -> 7 | D21: =(Per_Capita!B19/Per_Capita!B12)^(1/C21)-1 -> 0.022058591 | E21: =(Per_Capita!H19/Per_Capita!H12)^(1/C21)-1 -> 0.042131185 | F21: =(Per_Capita!I19/Per_Capita!I12)^(1/C21)-1 -> -0.019261101 | G21: =(Per_Capita!G19/Per_Capita!G12)^(1/C21)-1 -> 0.020026814
A22: 2010 | B22: 2023 | C22: =B22-A22 -> 13 | D22: =(Per_Capita!B18/Per_Capita!B5)^(1/C22)-1 -> 0.035104804 | E22: =(Per_Capita!H18/Per_Capita!H5)^(1/C22)-1 -> 0.043691006 | F22: =(Per_Capita!I18/Per_Capita!I5)^(1/C22)-1 -> -0.0082267657 | G22: =(Per_Capita!G18/Per_Capita!G5)^(1/C22)-1 -> 0.018863884
A25: CARRIED INTO scenarios.py
A26: constrained_continuation (central) | D26: =D5 -> 0.031387362 | F26: Ember 2010-2025 generation CAGR. Supply-suppressed series: label as constraint-persistence arm, NOT organic demand growth.
A27: constrained_continuation (low) | D27: =MIN(D5:D9) -> 0.015264512 | F27: Weakest window (2014-2024). Reported as the range floor.
A28: constrained_continuation (high) | D28: =MAX(D5:D9) -> 0.032188301 | F28: Strongest window (2017-2025).
